drop schema if exists tportal;
create schema tportal character set utf8 COLLATE utf8_general_ci;
use tportal;

-- ------------------------------------------------------
--  DDL for Table CMN_LANGUAGE_MST
-- ------------------------------------------------------
CREATE TABLE CMN_LANGUAGE_MST
  (
    LANG_ID         INT NOT NULL ,
    LANG_NAME       VARCHAR(40) NOT NULL ,
    LANG_SHORT_NAME VARCHAR(20) NOT NULL ,
    CREATED_user_id INT NOT NULL ,
    CREATED_DATE    TIMESTAMP NOT NULL ,
    UPDATED_user_id INT,
    UPDATED_DATE    TIMESTAMP NULL,
    ACTIVATE_FLAG   INT NOT NULL ,
    CONSTRAINT CMN_LANGMST_PK PRIMARY KEY (LANG_ID)
  ) ;
  
-- ------------------------------------------------------
--  DDL for Table CMN_LOOKUP_MST
-- ------------------------------------------------------

  CREATE TABLE CMN_LOOKUP_MST
  (
    LOOKUP_ID          INT NOT NULL ,
    LOOKUP_CODE        INT NOT NULL ,
    PARENT_LOOKUP_CODE INT NOT NULL ,
    LOOKUP_NAME        VARCHAR(60) NOT NULL ,
    ACTIVATE_FLAG     INT NOT NULL ,
    CREATED_user_id    INT NOT NULL ,
    CREATED_DATE       TIMESTAMP NOT NULL ,
    UPDATED_user_id    INT,
    UPDATED_DATE       TIMESTAMP NULL,
    CONSTRAINT CMN_LOOKUPMST_PK PRIMARY KEY (LOOKUP_ID)
  );
  
-- ------------------------------------------------------
--  DDL for Table CMN_LOOKUP_DETAILS_RLT
-- ------------------------------------------------------

  CREATE TABLE CMN_LOOKUP_DETAILS_RLT
  (
    LOOKUP_DETAIL_ID          INT NOT NULL ,
    LOOKUP_CODE        INT NOT NULL ,
    LOOKUP_SHORT_NAME  VARCHAR(60) NOT NULL ,
    LOOKUP_DESC        VARCHAR(200) NOT NULL ,
    LANG_ID            INT NOT NULL ,
    ACTIVATE_FLAG     INT NOT NULL ,
    CREATED_user_id    INT NOT NULL ,
    CREATED_DATE       TIMESTAMP NOT NULL ,
    UPDATED_user_id    INT,
    UPDATED_DATE       TIMESTAMP NULL,
    CONSTRAINT CMN_LOOKUPDTLS_PK PRIMARY KEY (LOOKUP_DETAIL_ID)
  );
  
  
-- ------------------------------------------------------
--  DDL for Table ORG_USER_MST
-- ------------------------------------------------------

  CREATE TABLE ORG_USER_MST 
   (	
    USER_ID INT NOT NULL, 
	USER_NAME VARCHAR(30) NOT NULL, 
	PASSWORD VARCHAR(128) NOT NULL, 
	ACTIVATE_FLAG INT NOT NULL, 
	CREATED_USER_ID INT NOT NULL, 
	CREATED_DATE TIMESTAMP NOT NULL, 
	UPDATED_USER_ID INT, 
	UPDATED_DATE TIMESTAMP NULL, 
	FIRSTLOGIN VARCHAR(1) NOT NULL, 
	PWDCHANGED_DATE TIMESTAMP NOT NULL, 
	SECRET_QUE_CODE INT NOT NULL, 
	SECRET_ANSWER VARCHAR(50) NOT NULL, 
	INVALID_LOGIN_CNT INT NOT NULL, 
	UNLOCK_TIME TIMESTAMP NULL, 
	OTP_ENABLED BIT NOT NULL, 
	OTP SMALLINT, 
	OTP_VALIDITY TIMESTAMP NULL, 
	REG_MOBILE_NO BIGINT NOT NULL,
	CONSTRAINT ORG_USERMST_PK PRIMARY KEY (USER_ID)
   ) ;
   

-- ------------------------------------------------------
--  DDL for Table ORG_USER_IMAGE_MST
-- ------------------------------------------------------
  
  CREATE TABLE ORG_USER_IMAGE_MST 
   (	
   USER_IMAGE_ID INT NOT NULL, 
	USER_ID INT NOT NULL, 
	IMAGE BLOB NOT NULL, 
	ACTIVATE_FLAG INT NOT NULL, 
	CREATED_USER_ID INT NOT NULL, 
	CREATED_DATE TIMESTAMP NOT NULL, 
	UPDATED_USER_ID INT, 
	UPDATED_DATE TIMESTAMP NULL,
	CONSTRAINT ORG_USERIMG_PK PRIMARY KEY (USER_IMAGE_ID)
   ) ;

-- ------------------------------------------------------
--  DDL for Table ORG_EMP_MST
-- ------------------------------------------------------

  CREATE TABLE ORG_EMP_MST 
   (	
    EMP_ID INT NOT NULL, 
	EMP_GENDER VARCHAR(5) NOT NULL, 
	EMP_FNAME VARCHAR(30) NOT NULL, 
	EMP_MNAME VARCHAR(30), 
	EMP_LNAME VARCHAR(30) NOT NULL, 
	EMP_DOB DATE NOT NULL, 
	EMP_DOJ DATE NOT NULL, 
	LANG_ID INT NOT NULL, 
	USER_ID INT NOT NULL, 
	ACTIVATE_FLAG INT NOT NULL, 
	EMAIL VARCHAR(40) NOT NULL, 
	CREATED_USER_ID INT NOT NULL, 
	CREATED_DATE TIMESTAMP NOT NULL, 
	UPDATED_USER_ID INT, 
	UPDATED_DATE TIMESTAMP NULL,
	CONSTRAINT ORG_EMPMST_PK PRIMARY KEY (EMP_ID)
   )  ;


-- ------------------------------------------------------
--  DDL for Table ORG_ROLE_MST
-- ------------------------------------------------------

  CREATE TABLE ORG_ROLE_MST 
   (	ROLE_ID INT NOT NULL, 
	ROLE_CODE INT NOT NULL, 
	ACTIVATE_FLAG INT NOT NULL, 
	CREATED_USER_ID INT NOT NULL, 
	CREATED_DATE TIMESTAMP NOT NULL, 
	UPDATED_USER_ID INT, 
	UPDATED_DATE TIMESTAMP NULL,
	CONSTRAINT ORG_ROLEMST_PK PRIMARY KEY (ROLE_ID)
   ) 
   ;
   
-- ------------------------------------------------------
--  DDL for Table ORG_ROLE_DETAILS_RLT
-- ------------------------------------------------------

  CREATE TABLE ORG_ROLE_DETAILS_RLT 
   (	ROLE_DETAIL_ID INT NOT NULL, 
	ROLE_CODE INT NOT NULL, 
	ROLE_NAME VARCHAR(120) NOT NULL, 
	ROLE_SHORT_NAME VARCHAR(60) NOT NULL, 
	ROLE_DESC VARCHAR(200) NOT NULL, 
	LANG_ID INT NOT NULL, 
	ACTIVATE_FLAG INT NOT NULL, 
	CREATED_USER_ID INT NOT NULL, 
	CREATED_DATE TIMESTAMP NOT NULL, 
	UPDATED_USER_ID INT, 
	UPDATED_DATE TIMESTAMP NULL,
	CONSTRAINT ORG_ROLEDTLS_PK PRIMARY KEY (ROLE_DETAIL_ID)
   ) ;
   

-- ------------------------------------------------------
--  DDL for Table ORG_USER_ROLE_RLT
-- ------------------------------------------------------

  CREATE TABLE ORG_USER_ROLE_RLT 
   (	USER_ROLE_ID INT NOT NULL, 
	USER_ID INT NOT NULL, 
	ROLE_CODE INT NOT NULL, 
	ACTIVATE_FLAG INT NOT NULL, 
	CREATED_USER_ID INT NOT NULL, 
	CREATED_DATE TIMESTAMP NOT NULL, 
	UPDATED_USER_ID INT, 
	UPDATED_DATE TIMESTAMP NULL,
	CONSTRAINT ORG_USERROLERLT_PK PRIMARY KEY (USER_ROLE_ID)
   ) ;

-- ------------------------------------------------------
--  DDL for Table ORG_ELEMENT_MST
-- ------------------------------------------------------

  CREATE TABLE ORG_ELEMENT_MST 
   (	ELEMENT_ID INT NOT NULL, 
	ELEMENT_CODE INT NOT NULL, 
	ELEMENT_PARENT_CODE INT NOT NULL, 
	ELEMENT_TYPE INT NOT NULL, 
	ELEMENT_URL VARCHAR(250), 
	ELEMENT_ORDER INT NOT NULL, 
	ACTIVATE_FLAG INT NOT NULL, 
	CREATED_USER_ID INT NOT NULL, 
	CREATED_DATE TIMESTAMP NOT NULL, 
	UPDATED_USER_ID INT, 
	UPDATED_DATE TIMESTAMP NULL, 
	EDITABLE BIT NOT NULL,
	CONSTRAINT ORG_ELEMST_PK PRIMARY KEY (ELEMENT_ID)
   )  ;

-- ------------------------------------------------------
--  DDL for Table ORG_ELEMENT_DETAILS_RLT
-- ------------------------------------------------------

  CREATE TABLE ORG_ELEMENT_DETAILS_RLT 
   (	ELEMENT_DETAIL_ID INT NOT NULL, 
	ELEMENT_CODE INT NOT NULL, 
	ELEMENT_NAME VARCHAR(200) NOT NULL, 
	ELEMENT_DESC VARCHAR(200) NOT NULL, 
	ELEMENT_TOOLTIP VARCHAR(200) NOT NULL, 
	LANG_ID INT NOT NULL, 
	ACTIVATE_FLAG INT NOT NULL, 
	CREATED_USER_ID INT NOT NULL, 
	CREATED_DATE TIMESTAMP NOT NULL, 
	UPDATED_USER_ID INT, 
	UPDATED_DATE TIMESTAMP NULL,
	CONSTRAINT ORG_ELEDTLS_PK PRIMARY KEY (ELEMENT_DETAIL_ID)
   )  ;
   


-- ------------------------------------------------------
--  DDL for Table ORG_ROLE_ELEMENT_RLT
-- ------------------------------------------------------

  CREATE TABLE ORG_ROLE_ELEMENT_RLT 
   (	ROLE_ELEMENT_ID INT NOT NULL , 
	ROLE_CODE INT NOT NULL , 
	ELEMENT_CODE INT NOT NULL , 
	CREATED_USER_ID INT NOT NULL , 
	CREATED_DATE TIMESTAMP NOT NULL , 
	UPDATED_USER_ID INT, 
	UPDATED_DATE TIMESTAMP NULL, 
	ACTIVATE_FLAG INT NOT NULL ,
	CONSTRAINT ORG_ROLELERLT_PK PRIMARY KEY (ROLE_ELEMENT_ID)
   )
   ;
 
-- ------------------------------------------------------
--  Ref Constraints for Table CMN_LOOKUP_MST
-- ------------------------------------------------------

  ALTER TABLE CMN_LOOKUP_MST ADD CONSTRAINT CMN_LOOKUPMST_NAME_UK UNIQUE (LOOKUP_NAME);
  ALTER TABLE CMN_LOOKUP_MST ADD CONSTRAINT CMN_LOOKUPMST_CODE_UK UNIQUE (LOOKUP_CODE);
  ALTER TABLE CMN_LOOKUP_MST ADD CONSTRAINT CMN_LOOKUPMST_ACT_FK FOREIGN KEY (ACTIVATE_FLAG)
	  REFERENCES CMN_LOOKUP_MST (LOOKUP_CODE) ;
  ALTER TABLE CMN_LOOKUP_MST ADD CONSTRAINT CMN_LOOKUPMST_CRTDBY_FK FOREIGN KEY (CREATED_USER_ID)
	  REFERENCES ORG_USER_MST (USER_ID) ;
  ALTER TABLE CMN_LOOKUP_MST ADD CONSTRAINT CMN_LOOKUPMST_UPDTBY_FK FOREIGN KEY (UPDATED_USER_ID)
	  REFERENCES ORG_USER_MST (USER_ID) ;
	  
-- ------------------------------------------------------
--  Ref Constraints for Table ORG_USER_MST
-- ------------------------------------------------------

  ALTER TABLE ORG_USER_MST ADD CONSTRAINT ORG_USERMST_CRTDBY_FK FOREIGN KEY (CREATED_USER_ID)
	  REFERENCES ORG_USER_MST (USER_ID) ;
  ALTER TABLE ORG_USER_MST ADD CONSTRAINT ORG_USERMST_UPDTBY_FK FOREIGN KEY (UPDATED_USER_ID)
	  REFERENCES ORG_USER_MST (USER_ID) ;
  ALTER TABLE ORG_USER_MST ADD CONSTRAINT ORG_USER_MST_MOBILENO_UK UNIQUE (REG_MOBILE_NO);
  ALTER TABLE ORG_USER_MST ADD CONSTRAINT ORG_USER_MST_USERNAME_UK UNIQUE (USER_NAME);
  
-- ------------------------------------------------------
--  DML for Table ORG_USER_MST
-- ------------------------------------------------------

	Insert into org_user_mst (USER_ID,USER_NAME,PASSWORD,ACTIVATE_FLAG,CREATED_USER_ID,CREATED_DATE,UPDATED_USER_ID,UPDATED_DATE,FIRSTLOGIN,PWDCHANGED_DATE,SECRET_QUE_CODE,SECRET_ANSWER,INVALID_LOGIN_CNT,UNLOCK_TIME,OTP_ENABLED,OTP,OTP_VALIDITY,REG_MOBILE_NO) values (1,'piyushpcegarg','$2a$10$PbIcphXE8yaEvorLE4V5eOCkWnJh/UO/qy4PcS4eSA7hA.LmZ6Bau',1,1,sysdate(),null,null,'Y',DATE_ADD(SYSDATE(), INTERVAL 30 DAY),14,'kWGuOJJZON29wnghuZUkJQ==',0,null,1,null,null,9714542977);  
  
	  
-- ------------------------------------------------------
--  DML for Table CMN_LOOKUP_MST
-- ------------------------------------------------------
  
Insert into CMN_LOOKUP_MST (LOOKUP_ID,LOOKUP_CODE,PARENT_LOOKUP_CODE,LOOKUP_NAME,ACTIVATE_FLAG,CREATED_USER_ID,CREATED_DATE,UPDATED_USER_ID,UPDATED_DATE) values (1,1,4,'ACTIVE STATUS',1,1,sysdate(),null,null);
Insert into CMN_LOOKUP_MST (LOOKUP_ID,LOOKUP_CODE,PARENT_LOOKUP_CODE,LOOKUP_NAME,ACTIVATE_FLAG,CREATED_USER_ID,CREATED_DATE,UPDATED_USER_ID,UPDATED_DATE) values (2,0,4,'DEACTIVE STATUS',1,1,sysdate(),null,null);
Insert into CMN_LOOKUP_MST (LOOKUP_ID,LOOKUP_CODE,PARENT_LOOKUP_CODE,LOOKUP_NAME,ACTIVATE_FLAG,CREATED_USER_ID,CREATED_DATE,UPDATED_USER_ID,UPDATED_DATE) values (3,2,4,'DELETE',1,1,sysdate(),null,null);
Insert into CMN_LOOKUP_MST (LOOKUP_ID,LOOKUP_CODE,PARENT_LOOKUP_CODE,LOOKUP_NAME,ACTIVATE_FLAG,CREATED_USER_ID,CREATED_DATE,UPDATED_USER_ID,UPDATED_DATE) values (4,4,-1,'Status Flag',1,1,sysdate(),null,null);
Insert into CMN_LOOKUP_MST (LOOKUP_ID,LOOKUP_CODE,PARENT_LOOKUP_CODE,LOOKUP_NAME,ACTIVATE_FLAG,CREATED_USER_ID,CREATED_DATE,UPDATED_USER_ID,UPDATED_DATE) values (5,5,-1,'Element Type',1,1,sysdate(),null,null);
Insert into CMN_LOOKUP_MST (LOOKUP_ID,LOOKUP_CODE,PARENT_LOOKUP_CODE,LOOKUP_NAME,ACTIVATE_FLAG,CREATED_USER_ID,CREATED_DATE,UPDATED_USER_ID,UPDATED_DATE) values (6,6,5,'MODULE',1,1,sysdate(),null,null);
Insert into CMN_LOOKUP_MST (LOOKUP_ID,LOOKUP_CODE,PARENT_LOOKUP_CODE,LOOKUP_NAME,ACTIVATE_FLAG,CREATED_USER_ID,CREATED_DATE,UPDATED_USER_ID,UPDATED_DATE) values (7,7,5,'SCREEN',1,1,sysdate(),null,null);
Insert into CMN_LOOKUP_MST (LOOKUP_ID,LOOKUP_CODE,PARENT_LOOKUP_CODE,LOOKUP_NAME,ACTIVATE_FLAG,CREATED_USER_ID,CREATED_DATE,UPDATED_USER_ID,UPDATED_DATE) values (8,8,-1,'SECURITY_REQUIRED',1,1,sysdate(),null,null);
Insert into CMN_LOOKUP_MST (LOOKUP_ID,LOOKUP_CODE,PARENT_LOOKUP_CODE,LOOKUP_NAME,ACTIVATE_FLAG,CREATED_USER_ID,CREATED_DATE,UPDATED_USER_ID,UPDATED_DATE) values (9,9,8,'OTP_REQUIRED',1,1,sysdate(),null,null);
Insert into CMN_LOOKUP_MST (LOOKUP_ID,LOOKUP_CODE,PARENT_LOOKUP_CODE,LOOKUP_NAME,ACTIVATE_FLAG,CREATED_USER_ID,CREATED_DATE,UPDATED_USER_ID,UPDATED_DATE) values (10,10,8,'DOJ_REQUIRED',1,1,sysdate(),null,null);
Insert into CMN_LOOKUP_MST (LOOKUP_ID,LOOKUP_CODE,PARENT_LOOKUP_CODE,LOOKUP_NAME,ACTIVATE_FLAG,CREATED_USER_ID,CREATED_DATE,UPDATED_USER_ID,UPDATED_DATE) values (11,11,8,'DOB_REQUIRED',1,1,sysdate(),null,null);
Insert into CMN_LOOKUP_MST (LOOKUP_ID,LOOKUP_CODE,PARENT_LOOKUP_CODE,LOOKUP_NAME,ACTIVATE_FLAG,CREATED_USER_ID,CREATED_DATE,UPDATED_USER_ID,UPDATED_DATE) values (12,12,8,'SECURITY_QUES_REQUIRED',1,1,sysdate(),null,null);
Insert into CMN_LOOKUP_MST (LOOKUP_ID,LOOKUP_CODE,PARENT_LOOKUP_CODE,LOOKUP_NAME,ACTIVATE_FLAG,CREATED_USER_ID,CREATED_DATE,UPDATED_USER_ID,UPDATED_DATE) values (13,13,-1,'SECURITY_QUESTIONS',1,1,sysdate(),null,null);
Insert into CMN_LOOKUP_MST (LOOKUP_ID,LOOKUP_CODE,PARENT_LOOKUP_CODE,LOOKUP_NAME,ACTIVATE_FLAG,CREATED_USER_ID,CREATED_DATE,UPDATED_USER_ID,UPDATED_DATE) values (14,14,13,'SECURITY_QUESTION1',1,1,sysdate(),null,null);
Insert into CMN_LOOKUP_MST (LOOKUP_ID,LOOKUP_CODE,PARENT_LOOKUP_CODE,LOOKUP_NAME,ACTIVATE_FLAG,CREATED_USER_ID,CREATED_DATE,UPDATED_USER_ID,UPDATED_DATE) values (15,15,13,'SECURITY_QUESTION2',1,1,sysdate(),null,null);
Insert into CMN_LOOKUP_MST (LOOKUP_ID,LOOKUP_CODE,PARENT_LOOKUP_CODE,LOOKUP_NAME,ACTIVATE_FLAG,CREATED_USER_ID,CREATED_DATE,UPDATED_USER_ID,UPDATED_DATE) values (16,16,13,'SECURITY_QUESTION3',1,1,sysdate(),null,null);
Insert into CMN_LOOKUP_MST (LOOKUP_ID,LOOKUP_CODE,PARENT_LOOKUP_CODE,LOOKUP_NAME,ACTIVATE_FLAG,CREATED_USER_ID,CREATED_DATE,UPDATED_USER_ID,UPDATED_DATE) values (17,17,13,'SECURITY_QUESTION4',1,1,sysdate(),null,null);
Insert into CMN_LOOKUP_MST (LOOKUP_ID,LOOKUP_CODE,PARENT_LOOKUP_CODE,LOOKUP_NAME,ACTIVATE_FLAG,CREATED_USER_ID,CREATED_DATE,UPDATED_USER_ID,UPDATED_DATE) values (18,18,13,'SECURITY_QUESTION5',1,1,sysdate(),null,null);
	  
-- ------------------------------------------------------
--  Ref Constraints for Table ORG_USER_MST
-- ------------------------------------------------------
	  
ALTER TABLE ORG_USER_MST ADD CONSTRAINT ORG_USERMST_SECQUES_FK FOREIGN KEY (SECRET_QUE_CODE)
	  REFERENCES CMN_LOOKUP_MST (LOOKUP_CODE) ;
ALTER TABLE ORG_USER_MST ADD CONSTRAINT ORG_USERMST_ACT_FK FOREIGN KEY (ACTIVATE_FLAG)
	  REFERENCES CMN_LOOKUP_MST (LOOKUP_CODE) ;
-- ------------------------------------------------------
--  Ref Constraints for Table CMN_LANGUAGE_MST
-- ------------------------------------------------------

  ALTER TABLE CMN_LANGUAGE_MST ADD CONSTRAINT CMN_LANGMST_CRTDBY_FK FOREIGN KEY (CREATED_USER_ID)
	  REFERENCES ORG_USER_MST (USER_ID) ;
  ALTER TABLE CMN_LANGUAGE_MST ADD CONSTRAINT CMN_LANGMST_UPDTBY_FK FOREIGN KEY (UPDATED_USER_ID)
	  REFERENCES ORG_USER_MST (USER_ID) ;
  ALTER TABLE CMN_LANGUAGE_MST ADD CONSTRAINT CMN_LANGMST_ACT_FK FOREIGN KEY (ACTIVATE_FLAG)
	  REFERENCES CMN_LOOKUP_MST (LOOKUP_CODE) ;
  ALTER TABLE CMN_LANGUAGE_MST ADD CONSTRAINT CMN_LANGMST_UK UNIQUE (LANG_SHORT_NAME);

-- ------------------------------------------------------
--  DML for Table CMN_LANGUAGE_MST
-- ------------------------------------------------------
  
  Insert into CMN_LANGUAGE_MST (LANG_ID,LANG_NAME,LANG_SHORT_NAME,CREATED_USER_ID,CREATED_DATE,UPDATED_USER_ID,UPDATED_DATE,ACTIVATE_FLAG) values (1,'English','en',1,sysdate(),null,null,1);
	Insert into CMN_LANGUAGE_MST (LANG_ID,LANG_NAME,LANG_SHORT_NAME,CREATED_USER_ID,CREATED_DATE,UPDATED_USER_ID,UPDATED_DATE,ACTIVATE_FLAG) values (2,'Hindi','hi',1,sysdate(),null,null,1);
	  

-- ------------------------------------------------------
--  Constraints for Table CMN_LOOKUP_DETAILS_RLT
-- ------------------------------------------------------

  ALTER TABLE CMN_LOOKUP_DETAILS_RLT ADD CONSTRAINT CMN_LOOKUPDTLS_CODE_UK UNIQUE (LOOKUP_CODE, LANG_ID);
  ALTER TABLE CMN_LOOKUP_DETAILS_RLT ADD CONSTRAINT CMN_LOOKUPDTLS_ACT_FK FOREIGN KEY (ACTIVATE_FLAG)
	  REFERENCES CMN_LOOKUP_MST (LOOKUP_CODE) ;
  ALTER TABLE CMN_LOOKUP_DETAILS_RLT ADD CONSTRAINT CMN_LOOKUPDTLS_CODE_FK FOREIGN KEY (LOOKUP_CODE)
	  REFERENCES CMN_LOOKUP_MST (LOOKUP_CODE) ;
  ALTER TABLE CMN_LOOKUP_DETAILS_RLT ADD CONSTRAINT CMN_LOOKUPDTLS_CRTDBY_FK FOREIGN KEY (CREATED_USER_ID)
	  REFERENCES ORG_USER_MST (USER_ID) ;
  ALTER TABLE CMN_LOOKUP_DETAILS_RLT ADD CONSTRAINT CMN_LOOKUPDTLS_LANGID_FK FOREIGN KEY (LANG_ID)
	  REFERENCES CMN_LANGUAGE_MST (LANG_ID) ;
  ALTER TABLE CMN_LOOKUP_DETAILS_RLT ADD CONSTRAINT CMN_LOOKUPDTLS_UPDTBY_FK FOREIGN KEY (UPDATED_USER_ID)
	  REFERENCES ORG_USER_MST (USER_ID) ;
	  
-- ------------------------------------------------------
--  DML for Table CMN_LOOKUP_DETAILS_RLT
-- ------------------------------------------------------

Insert into CMN_LOOKUP_DETAILS_RLT (LOOKUP_DETAIL_ID,LOOKUP_CODE,LOOKUP_SHORT_NAME,LOOKUP_DESC,LANG_ID,ACTIVATE_FLAG,CREATED_USER_ID,CREATED_DATE,UPDATED_USER_ID,UPDATED_DATE) values (1,1,'active','enable status flag',1,1,1,sysdate(),null,null);
Insert into CMN_LOOKUP_DETAILS_RLT (LOOKUP_DETAIL_ID,LOOKUP_CODE,LOOKUP_SHORT_NAME,LOOKUP_DESC,LANG_ID,ACTIVATE_FLAG,CREATED_USER_ID,CREATED_DATE,UPDATED_USER_ID,UPDATED_DATE) values (2,1,'active','enable status flag',2,1,1,sysdate(),null,null);
Insert into CMN_LOOKUP_DETAILS_RLT (LOOKUP_DETAIL_ID,LOOKUP_CODE,LOOKUP_SHORT_NAME,LOOKUP_DESC,LANG_ID,ACTIVATE_FLAG,CREATED_USER_ID,CREATED_DATE,UPDATED_USER_ID,UPDATED_DATE) values (3,0,'deactive','disable status flag',1,1,1,sysdate(),null,null);
Insert into CMN_LOOKUP_DETAILS_RLT (LOOKUP_DETAIL_ID,LOOKUP_CODE,LOOKUP_SHORT_NAME,LOOKUP_DESC,LANG_ID,ACTIVATE_FLAG,CREATED_USER_ID,CREATED_DATE,UPDATED_USER_ID,UPDATED_DATE) values (4,0,'deactive','disable status flag',2,1,1,sysdate(),null,null);
Insert into CMN_LOOKUP_DETAILS_RLT (LOOKUP_DETAIL_ID,LOOKUP_CODE,LOOKUP_SHORT_NAME,LOOKUP_DESC,LANG_ID,ACTIVATE_FLAG,CREATED_USER_ID,CREATED_DATE,UPDATED_USER_ID,UPDATED_DATE) values (5,2,'delete','delete status flag',1,1,1,sysdate(),null,null);
Insert into CMN_LOOKUP_DETAILS_RLT (LOOKUP_DETAIL_ID,LOOKUP_CODE,LOOKUP_SHORT_NAME,LOOKUP_DESC,LANG_ID,ACTIVATE_FLAG,CREATED_USER_ID,CREATED_DATE,UPDATED_USER_ID,UPDATED_DATE) values (6,2,'delete','delete status flag',2,1,1,sysdate(),null,null);
Insert into CMN_LOOKUP_DETAILS_RLT (LOOKUP_DETAIL_ID,LOOKUP_CODE,LOOKUP_SHORT_NAME,LOOKUP_DESC,LANG_ID,ACTIVATE_FLAG,CREATED_USER_ID,CREATED_DATE,UPDATED_USER_ID,UPDATED_DATE) values (7,4,'status flag','status flag in acl_element_mst',1,1,1,sysdate(),null,null);
Insert into CMN_LOOKUP_DETAILS_RLT (LOOKUP_DETAIL_ID,LOOKUP_CODE,LOOKUP_SHORT_NAME,LOOKUP_DESC,LANG_ID,ACTIVATE_FLAG,CREATED_USER_ID,CREATED_DATE,UPDATED_USER_ID,UPDATED_DATE) values (8,4,'status flag','status flag in acl_element_mst',2,1,1,sysdate(),null,null);
Insert into CMN_LOOKUP_DETAILS_RLT (LOOKUP_DETAIL_ID,LOOKUP_CODE,LOOKUP_SHORT_NAME,LOOKUP_DESC,LANG_ID,ACTIVATE_FLAG,CREATED_USER_ID,CREATED_DATE,UPDATED_USER_ID,UPDATED_DATE) values (9,5,'Element Type','action type in acl_element_mst table',1,1,1,sysdate(),null,null);
Insert into CMN_LOOKUP_DETAILS_RLT (LOOKUP_DETAIL_ID,LOOKUP_CODE,LOOKUP_SHORT_NAME,LOOKUP_DESC,LANG_ID,ACTIVATE_FLAG,CREATED_USER_ID,CREATED_DATE,UPDATED_USER_ID,UPDATED_DATE) values (10,5,'Element Type','action type in acl_element_mst table',2,1,1,sysdate(),null,null);
Insert into CMN_LOOKUP_DETAILS_RLT (LOOKUP_DETAIL_ID,LOOKUP_CODE,LOOKUP_SHORT_NAME,LOOKUP_DESC,LANG_ID,ACTIVATE_FLAG,CREATED_USER_ID,CREATED_DATE,UPDATED_USER_ID,UPDATED_DATE) values (11,6,'module','action type in acl_element_mst table--module',1,1,1,sysdate(),null,null);
Insert into CMN_LOOKUP_DETAILS_RLT (LOOKUP_DETAIL_ID,LOOKUP_CODE,LOOKUP_SHORT_NAME,LOOKUP_DESC,LANG_ID,ACTIVATE_FLAG,CREATED_USER_ID,CREATED_DATE,UPDATED_USER_ID,UPDATED_DATE) values (12,6,'module','action type in acl_element_mst table--module',2,1,1,sysdate(),null,null);
Insert into CMN_LOOKUP_DETAILS_RLT (LOOKUP_DETAIL_ID,LOOKUP_CODE,LOOKUP_SHORT_NAME,LOOKUP_DESC,LANG_ID,ACTIVATE_FLAG,CREATED_USER_ID,CREATED_DATE,UPDATED_USER_ID,UPDATED_DATE) values (13,7,'screen','action type in acl_element_mst table--screen',1,1,1,sysdate(),null,null);
Insert into CMN_LOOKUP_DETAILS_RLT (LOOKUP_DETAIL_ID,LOOKUP_CODE,LOOKUP_SHORT_NAME,LOOKUP_DESC,LANG_ID,ACTIVATE_FLAG,CREATED_USER_ID,CREATED_DATE,UPDATED_USER_ID,UPDATED_DATE) values (14,7,'screen','action type in acl_element_mst table--screen',2,1,1,sysdate(),null,null);
Insert into CMN_LOOKUP_DETAILS_RLT (LOOKUP_DETAIL_ID,LOOKUP_CODE,LOOKUP_SHORT_NAME,LOOKUP_DESC,LANG_ID,ACTIVATE_FLAG,CREATED_USER_ID,CREATED_DATE,UPDATED_USER_ID,UPDATED_DATE) values (15,8,'security required','Security Required at time of change password',1,1,1,sysdate(),null,null);
Insert into CMN_LOOKUP_DETAILS_RLT (LOOKUP_DETAIL_ID,LOOKUP_CODE,LOOKUP_SHORT_NAME,LOOKUP_DESC,LANG_ID,ACTIVATE_FLAG,CREATED_USER_ID,CREATED_DATE,UPDATED_USER_ID,UPDATED_DATE) values (16,8,'security required','Security Required at time of change password',2,1,1,sysdate(),null,null);
Insert into CMN_LOOKUP_DETAILS_RLT (LOOKUP_DETAIL_ID,LOOKUP_CODE,LOOKUP_SHORT_NAME,LOOKUP_DESC,LANG_ID,ACTIVATE_FLAG,CREATED_USER_ID,CREATED_DATE,UPDATED_USER_ID,UPDATED_DATE) values (17,9,'otp required','One Time Password Required',1,1,1,sysdate(),null,null);
Insert into CMN_LOOKUP_DETAILS_RLT (LOOKUP_DETAIL_ID,LOOKUP_CODE,LOOKUP_SHORT_NAME,LOOKUP_DESC,LANG_ID,ACTIVATE_FLAG,CREATED_USER_ID,CREATED_DATE,UPDATED_USER_ID,UPDATED_DATE) values (18,9,'otp required','One Time Password Required',2,1,1,sysdate(),null,null);
Insert into CMN_LOOKUP_DETAILS_RLT (LOOKUP_DETAIL_ID,LOOKUP_CODE,LOOKUP_SHORT_NAME,LOOKUP_DESC,LANG_ID,ACTIVATE_FLAG,CREATED_USER_ID,CREATED_DATE,UPDATED_USER_ID,UPDATED_DATE) values (19,10,'doj required','Date of Joining Required',1,1,1,sysdate(),null,null);
Insert into CMN_LOOKUP_DETAILS_RLT (LOOKUP_DETAIL_ID,LOOKUP_CODE,LOOKUP_SHORT_NAME,LOOKUP_DESC,LANG_ID,ACTIVATE_FLAG,CREATED_USER_ID,CREATED_DATE,UPDATED_USER_ID,UPDATED_DATE) values (20,10,'doj required','Date of Joining Required',2,1,1,sysdate(),null,null);
Insert into CMN_LOOKUP_DETAILS_RLT (LOOKUP_DETAIL_ID,LOOKUP_CODE,LOOKUP_SHORT_NAME,LOOKUP_DESC,LANG_ID,ACTIVATE_FLAG,CREATED_USER_ID,CREATED_DATE,UPDATED_USER_ID,UPDATED_DATE) values (21,11,'dob required','Date of Birth Required',1,1,1,sysdate(),null,null);
Insert into CMN_LOOKUP_DETAILS_RLT (LOOKUP_DETAIL_ID,LOOKUP_CODE,LOOKUP_SHORT_NAME,LOOKUP_DESC,LANG_ID,ACTIVATE_FLAG,CREATED_USER_ID,CREATED_DATE,UPDATED_USER_ID,UPDATED_DATE) values (22,11,'dob required','Date of Birth Required',2,1,1,sysdate(),null,null);
Insert into CMN_LOOKUP_DETAILS_RLT (LOOKUP_DETAIL_ID,LOOKUP_CODE,LOOKUP_SHORT_NAME,LOOKUP_DESC,LANG_ID,ACTIVATE_FLAG,CREATED_USER_ID,CREATED_DATE,UPDATED_USER_ID,UPDATED_DATE) values (23,12,'sec ques required','Security Question Required',1,1,1,sysdate(),null,null);
Insert into CMN_LOOKUP_DETAILS_RLT (LOOKUP_DETAIL_ID,LOOKUP_CODE,LOOKUP_SHORT_NAME,LOOKUP_DESC,LANG_ID,ACTIVATE_FLAG,CREATED_USER_ID,CREATED_DATE,UPDATED_USER_ID,UPDATED_DATE) values (24,12,'sec ques required','Security Question Required',2,1,1,sysdate(),null,null);
Insert into CMN_LOOKUP_DETAILS_RLT (LOOKUP_DETAIL_ID,LOOKUP_CODE,LOOKUP_SHORT_NAME,LOOKUP_DESC,LANG_ID,ACTIVATE_FLAG,CREATED_USER_ID,CREATED_DATE,UPDATED_USER_ID,UPDATED_DATE) values (25,13,'Security Questions','Security Questions',1,1,1,sysdate(),null,null);
Insert into CMN_LOOKUP_DETAILS_RLT (LOOKUP_DETAIL_ID,LOOKUP_CODE,LOOKUP_SHORT_NAME,LOOKUP_DESC,LANG_ID,ACTIVATE_FLAG,CREATED_USER_ID,CREATED_DATE,UPDATED_USER_ID,UPDATED_DATE) values (26,13,'Security Questions','Security Questions',2,1,1,sysdate(),null,null);
Insert into CMN_LOOKUP_DETAILS_RLT (LOOKUP_DETAIL_ID,LOOKUP_CODE,LOOKUP_SHORT_NAME,LOOKUP_DESC,LANG_ID,ACTIVATE_FLAG,CREATED_USER_ID,CREATED_DATE,UPDATED_USER_ID,UPDATED_DATE) values (27,14,'security question1','In which City you were born?',1,1,1,sysdate(),null,null);
Insert into CMN_LOOKUP_DETAILS_RLT (LOOKUP_DETAIL_ID,LOOKUP_CODE,LOOKUP_SHORT_NAME,LOOKUP_DESC,LANG_ID,ACTIVATE_FLAG,CREATED_USER_ID,CREATED_DATE,UPDATED_USER_ID,UPDATED_DATE) values (28,14,'security question1','आपका जन्म किस शहर में हुआ ?',2,1,1,sysdate(),null,null);
Insert into CMN_LOOKUP_DETAILS_RLT (LOOKUP_DETAIL_ID,LOOKUP_CODE,LOOKUP_SHORT_NAME,LOOKUP_DESC,LANG_ID,ACTIVATE_FLAG,CREATED_USER_ID,CREATED_DATE,UPDATED_USER_ID,UPDATED_DATE) values (29,15,'security question2','Which is your favourite sport?',1,1,1,sysdate(),null,null);
Insert into CMN_LOOKUP_DETAILS_RLT (LOOKUP_DETAIL_ID,LOOKUP_CODE,LOOKUP_SHORT_NAME,LOOKUP_DESC,LANG_ID,ACTIVATE_FLAG,CREATED_USER_ID,CREATED_DATE,UPDATED_USER_ID,UPDATED_DATE) values (30,15,'security question2','आपका प्रिय खेल कौनसा है ?',2,1,1,sysdate(),null,null);
Insert into CMN_LOOKUP_DETAILS_RLT (LOOKUP_DETAIL_ID,LOOKUP_CODE,LOOKUP_SHORT_NAME,LOOKUP_DESC,LANG_ID,ACTIVATE_FLAG,CREATED_USER_ID,CREATED_DATE,UPDATED_USER_ID,UPDATED_DATE) values (31,16,'security question3','What was the name of your first school?',1,1,1,sysdate(),null,null);
Insert into CMN_LOOKUP_DETAILS_RLT (LOOKUP_DETAIL_ID,LOOKUP_CODE,LOOKUP_SHORT_NAME,LOOKUP_DESC,LANG_ID,ACTIVATE_FLAG,CREATED_USER_ID,CREATED_DATE,UPDATED_USER_ID,UPDATED_DATE) values (32,16,'security question3','आपके प्रथम स्कूल का नाम क्या था ?',2,1,1,sysdate(),null,null);
Insert into CMN_LOOKUP_DETAILS_RLT (LOOKUP_DETAIL_ID,LOOKUP_CODE,LOOKUP_SHORT_NAME,LOOKUP_DESC,LANG_ID,ACTIVATE_FLAG,CREATED_USER_ID,CREATED_DATE,UPDATED_USER_ID,UPDATED_DATE) values (33,17,'security question4','What is the name of your best friend?',1,1,1,sysdate(),null,null);
Insert into CMN_LOOKUP_DETAILS_RLT (LOOKUP_DETAIL_ID,LOOKUP_CODE,LOOKUP_SHORT_NAME,LOOKUP_DESC,LANG_ID,ACTIVATE_FLAG,CREATED_USER_ID,CREATED_DATE,UPDATED_USER_ID,UPDATED_DATE) values (34,17,'security question4','आपके सबसे अच्छे दोस्त का नाम क्या है ?',2,1,1,sysdate(),null,null);
Insert into CMN_LOOKUP_DETAILS_RLT (LOOKUP_DETAIL_ID,LOOKUP_CODE,LOOKUP_SHORT_NAME,LOOKUP_DESC,LANG_ID,ACTIVATE_FLAG,CREATED_USER_ID,CREATED_DATE,UPDATED_USER_ID,UPDATED_DATE) values (35,18,'security question5','Who is your favourite actor?',1,1,1,sysdate(),null,null);
Insert into CMN_LOOKUP_DETAILS_RLT (LOOKUP_DETAIL_ID,LOOKUP_CODE,LOOKUP_SHORT_NAME,LOOKUP_DESC,LANG_ID,ACTIVATE_FLAG,CREATED_USER_ID,CREATED_DATE,UPDATED_USER_ID,UPDATED_DATE) values (36,18,'security question5','आपका प्रिय अभिनेता कौन है ?',2,1,1,sysdate(),null,null);


   

-- ------------------------------------------------------
--  Ref Constraints for Table ORG_USER_IMAGE_MST
-- ------------------------------------------------------
  ALTER TABLE ORG_USER_IMAGE_MST ADD CONSTRAINT ORG_USERIMGMST_USERID_UK UNIQUE (USER_ID);
  ALTER TABLE ORG_USER_IMAGE_MST ADD CONSTRAINT ORG_USERIMGMST_CRTDBY_FK FOREIGN KEY (CREATED_USER_ID)
	  REFERENCES ORG_USER_MST (USER_ID) ;
  ALTER TABLE ORG_USER_IMAGE_MST ADD CONSTRAINT ORG_USERIMGMST_UPDTBY_FK FOREIGN KEY (UPDATED_USER_ID)
	  REFERENCES ORG_USER_MST (USER_ID) ;
  ALTER TABLE ORG_USER_IMAGE_MST ADD CONSTRAINT ORG_USERIMGMST_USERID_FK FOREIGN KEY (USER_ID)
	  REFERENCES ORG_USER_MST (USER_ID) ;
  ALTER TABLE ORG_USER_IMAGE_MST ADD CONSTRAINT ORG_USERIMGMST_ACT_FK FOREIGN KEY (ACTIVATE_FLAG)
	  REFERENCES CMN_LOOKUP_MST (LOOKUP_CODE) ;

-- ------------------------------------------------------
--  DML for Table ORG_USER_IMAGE_MST
-- ------------------------------------------------------

--  This script is inserted into table using java file because there is blob file in this.
--  Insert into ORG_USER_IMAGE_MST (USER_IMAGE_ID,USER_ID,ACTIVATE_FLAG,CREATED_USER_ID,CREATED_DATE,UPDATED_USER_ID,UPDATED_DATE) values (1,1,1,1,sysdate(),null,null);

-- ------------------------------------------------------
--  Ref Constraints for Table ORG_EMP_MST
-- ------------------------------------------------------

  ALTER TABLE ORG_EMP_MST ADD CONSTRAINT ORG_EMPMST_UK UNIQUE (USER_ID, LANG_ID);
  ALTER TABLE ORG_EMP_MST ADD CONSTRAINT ORG_EMPMST_ACT_FK FOREIGN KEY (ACTIVATE_FLAG)
	  REFERENCES CMN_LOOKUP_MST (LOOKUP_CODE) ;
  ALTER TABLE ORG_EMP_MST ADD CONSTRAINT ORG_EMPMST_CRTDBY_FK FOREIGN KEY (CREATED_USER_ID)
	  REFERENCES ORG_USER_MST (USER_ID) ;
  ALTER TABLE ORG_EMP_MST ADD CONSTRAINT ORG_EMPMST_LANGID_FK FOREIGN KEY (LANG_ID)
	  REFERENCES CMN_LANGUAGE_MST (LANG_ID) ;
  ALTER TABLE ORG_EMP_MST ADD CONSTRAINT ORG_EMPMST_UPDTBY_FK FOREIGN KEY (UPDATED_USER_ID)
	  REFERENCES ORG_USER_MST (USER_ID) ;
  ALTER TABLE ORG_EMP_MST ADD CONSTRAINT ORG_EMPMST_USERID_FK FOREIGN KEY (USER_ID)
	  REFERENCES ORG_USER_MST (USER_ID) ;
	  
-- ------------------------------------------------------
--  DML for Table ORG_EMP_MST
-- ------------------------------------------------------

Insert into org_emp_mst (EMP_ID,EMP_GENDER,EMP_FNAME,EMP_MNAME,EMP_LNAME,EMP_DOB,EMP_DOJ,LANG_ID,USER_ID,ACTIVATE_FLAG,EMAIL,CREATED_USER_ID,CREATED_DATE,UPDATED_USER_ID,UPDATED_DATE) values (1,'M','Piyush',null,'Garg','1988-01-17','2012-01-16',1,1,1,'piyushpcegarg@gmail.com',1,sysdate(),null,null);
Insert into org_emp_mst (EMP_ID,EMP_GENDER,EMP_FNAME,EMP_MNAME,EMP_LNAME,EMP_DOB,EMP_DOJ,LANG_ID,USER_ID,ACTIVATE_FLAG,EMAIL,CREATED_USER_ID,CREATED_DATE,UPDATED_USER_ID,UPDATED_DATE) values (2,'M','पीयूष',null,'गर्ग','1988-01-17','2012-01-16',2,1,1,'piyushpcegarg@gmail.com',1,sysdate(),null,null);

-- ------------------------------------------------------
--  Ref Constraints for Table ORG_ROLE_MST
-- ------------------------------------------------------

  ALTER TABLE ORG_ROLE_MST ADD CONSTRAINT ORG_ROLEMST_ACT_FK FOREIGN KEY (ACTIVATE_FLAG)
	  REFERENCES CMN_LOOKUP_MST (LOOKUP_CODE) ;
  ALTER TABLE ORG_ROLE_MST ADD CONSTRAINT ORG_ROLEMST_CRTDBY_FK FOREIGN KEY (CREATED_USER_ID)
	  REFERENCES ORG_USER_MST (USER_ID) ;
  ALTER TABLE ORG_ROLE_MST ADD CONSTRAINT ORG_ROLEMST_UPDTBY_FK FOREIGN KEY (UPDATED_USER_ID)
	  REFERENCES ORG_USER_MST (USER_ID) ;
  ALTER TABLE ORG_ROLE_MST ADD CONSTRAINT ORG_ROLEMST_CODE_UK UNIQUE (ROLE_CODE);
   
-- ------------------------------------------------------
--  DML for Table ORG_ROLE_MST
-- ------------------------------------------------------
   
   Insert into ORG_ROLE_MST (ROLE_ID,ROLE_CODE,ACTIVATE_FLAG,CREATED_USER_ID,CREATED_DATE,UPDATED_USER_ID,UPDATED_DATE) values (1,101,1,1,sysdate(),null,null);
   
-- ------------------------------------------------------
--  Ref Constraints for Table ORG_ROLE_DETAILS_RLT
-- ------------------------------------------------------

  ALTER TABLE ORG_ROLE_DETAILS_RLT ADD CONSTRAINT ORG_ROLEDTLS_ACT_FK FOREIGN KEY (ACTIVATE_FLAG)
	  REFERENCES CMN_LOOKUP_MST (LOOKUP_CODE) ;
  ALTER TABLE ORG_ROLE_DETAILS_RLT ADD CONSTRAINT ORG_ROLEDTLS_CODE_FK FOREIGN KEY (ROLE_CODE)
	  REFERENCES ORG_ROLE_MST (ROLE_CODE) ;
  ALTER TABLE ORG_ROLE_DETAILS_RLT ADD CONSTRAINT ORG_ROLEDTLS_CRTDBY_FK FOREIGN KEY (CREATED_USER_ID)
	  REFERENCES ORG_USER_MST (USER_ID) ;
  ALTER TABLE ORG_ROLE_DETAILS_RLT ADD CONSTRAINT ORG_ROLEDTLS_LANGID_FK FOREIGN KEY (LANG_ID)
	  REFERENCES CMN_LANGUAGE_MST (LANG_ID) ;
  ALTER TABLE ORG_ROLE_DETAILS_RLT ADD CONSTRAINT ORG_ROLEDTLS_UPDTBY_FK FOREIGN KEY (UPDATED_USER_ID)
	  REFERENCES ORG_USER_MST (USER_ID) ;
  ALTER TABLE ORG_ROLE_DETAILS_RLT ADD CONSTRAINT ORG_ROLEDTLS_NAME_UK UNIQUE (ROLE_NAME);
  ALTER TABLE ORG_ROLE_DETAILS_RLT ADD CONSTRAINT ORG_ROLEDTLS_CODE_UK UNIQUE (ROLE_CODE, LANG_ID);

-- ------------------------------------------------------
--  DML for Table ORG_ROLE_DETAILS_RLT
-- ------------------------------------------------------

Insert into ORG_ROLE_DETAILS_RLT (ROLE_DETAIL_ID,ROLE_CODE,ROLE_NAME,ROLE_SHORT_NAME,ROLE_DESC,LANG_ID,ACTIVATE_FLAG,CREATED_USER_ID,CREATED_DATE,UPDATED_USER_ID,UPDATED_DATE) values (1,101,'PROPRIETOR','PROPRIETOR','SUPER ADMINISTRATOR ROLE',1,1,1,sysdate(),null,null);
Insert into ORG_ROLE_DETAILS_RLT (ROLE_DETAIL_ID,ROLE_CODE,ROLE_NAME,ROLE_SHORT_NAME,ROLE_DESC,LANG_ID,ACTIVATE_FLAG,CREATED_USER_ID,CREATED_DATE,UPDATED_USER_ID,UPDATED_DATE) values (2,101,'प्रोपराइटर','प्रोपराइटर','सुपर एडमिनिस्ट्रेटर रोल',2,1,1,sysdate(),null,null);


-- ------------------------------------------------------
--  Ref Constraints for Table ORG_USER_ROLE_RLT
-- ------------------------------------------------------

  ALTER TABLE ORG_USER_ROLE_RLT ADD CONSTRAINT ORG_USERROLERLT_CRTDBY_FK FOREIGN KEY (CREATED_USER_ID)
	  REFERENCES ORG_USER_MST (USER_ID) ;
  ALTER TABLE ORG_USER_ROLE_RLT ADD CONSTRAINT ORG_USERROLERLT_ROLECD_FK FOREIGN KEY (ROLE_CODE)
	  REFERENCES ORG_ROLE_MST (ROLE_CODE) ;
  ALTER TABLE ORG_USER_ROLE_RLT ADD CONSTRAINT ORG_USERROLERLT_UPDTBY_FK FOREIGN KEY (UPDATED_USER_ID)
	  REFERENCES ORG_USER_MST (USER_ID) ;
  ALTER TABLE ORG_USER_ROLE_RLT ADD CONSTRAINT ORG_USERROLERLT_USERID_FK FOREIGN KEY (USER_ID)
	  REFERENCES ORG_USER_MST (USER_ID) ;
  ALTER TABLE ORG_USER_ROLE_RLT ADD CONSTRAINT ORG_USERROLERLT_ACT_FK FOREIGN KEY (ACTIVATE_FLAG)
	  REFERENCES CMN_LOOKUP_MST (LOOKUP_CODE) ;
  ALTER TABLE ORG_USER_ROLE_RLT ADD CONSTRAINT ORG_USERROLERLT_USERID_UK UNIQUE (USER_ID, ROLE_CODE);


-- ------------------------------------------------------
--  DML for Table ORG_USER_ROLE_RLT
-- ------------------------------------------------------

Insert into ORG_USER_ROLE_RLT (USER_ROLE_ID,USER_ID,ROLE_CODE,ACTIVATE_FLAG,CREATED_USER_ID,CREATED_DATE,UPDATED_USER_ID,UPDATED_DATE) values (1,1,101,1,1,sysdate(),null,null);

   
-- ------------------------------------------------------
--  Ref Constraints for Table ORG_ELEMENT_MST
-- ------------------------------------------------------

  ALTER TABLE ORG_ELEMENT_MST ADD CONSTRAINT ORG_ELEMST_ACT_FK FOREIGN KEY (ACTIVATE_FLAG)
	  REFERENCES CMN_LOOKUP_MST (LOOKUP_CODE) ;
  ALTER TABLE ORG_ELEMENT_MST ADD CONSTRAINT ORG_ELEMST_CRTDBY_FK FOREIGN KEY (CREATED_USER_ID)
	  REFERENCES ORG_USER_MST (USER_ID) ;
  ALTER TABLE ORG_ELEMENT_MST ADD CONSTRAINT ORG_ELEMST_ELEMENTTYPE_FK FOREIGN KEY (ELEMENT_TYPE)
	  REFERENCES CMN_LOOKUP_MST (LOOKUP_CODE) ;
  ALTER TABLE ORG_ELEMENT_MST ADD CONSTRAINT ORG_ELEMST_UPDTBY_FK FOREIGN KEY (UPDATED_USER_ID)
	  REFERENCES ORG_USER_MST (USER_ID) ;
  ALTER TABLE ORG_ELEMENT_MST ADD CONSTRAINT ORG_ELEMST_CODE_UK UNIQUE (ELEMENT_CODE);


-- ------------------------------------------------------
--  DML for Table ORG_ELEMENT_MST
-- ------------------------------------------------------

Insert into ORG_ELEMENT_MST (ELEMENT_ID,ELEMENT_CODE,ELEMENT_PARENT_CODE,ELEMENT_TYPE,ELEMENT_URL,ELEMENT_ORDER,ACTIVATE_FLAG,CREATED_USER_ID,CREATED_DATE,UPDATED_USER_ID,UPDATED_DATE,EDITABLE) values (1,1001,-1,6,'/parent',1,1,1,sysdate(),null,null,1);
Insert into ORG_ELEMENT_MST (ELEMENT_ID,ELEMENT_CODE,ELEMENT_PARENT_CODE,ELEMENT_TYPE,ELEMENT_URL,ELEMENT_ORDER,ACTIVATE_FLAG,CREATED_USER_ID,CREATED_DATE,UPDATED_USER_ID,UPDATED_DATE,EDITABLE) values (2,1002,-1,6,'/parent',2,1,1,sysdate(),null,null,1);
Insert into ORG_ELEMENT_MST (ELEMENT_ID,ELEMENT_CODE,ELEMENT_PARENT_CODE,ELEMENT_TYPE,ELEMENT_URL,ELEMENT_ORDER,ACTIVATE_FLAG,CREATED_USER_ID,CREATED_DATE,UPDATED_USER_ID,UPDATED_DATE,EDITABLE) values (3,1003,-1,6,'/parent',3,1,1,sysdate(),null,null,1);
Insert into ORG_ELEMENT_MST (ELEMENT_ID,ELEMENT_CODE,ELEMENT_PARENT_CODE,ELEMENT_TYPE,ELEMENT_URL,ELEMENT_ORDER,ACTIVATE_FLAG,CREATED_USER_ID,CREATED_DATE,UPDATED_USER_ID,UPDATED_DATE,EDITABLE) values (4,1004,1002,6,'/parent',1,1,1,sysdate(),null,null,1);
Insert into ORG_ELEMENT_MST (ELEMENT_ID,ELEMENT_CODE,ELEMENT_PARENT_CODE,ELEMENT_TYPE,ELEMENT_URL,ELEMENT_ORDER,ACTIVATE_FLAG,CREATED_USER_ID,CREATED_DATE,UPDATED_USER_ID,UPDATED_DATE,EDITABLE) values (5,1005,1002,6,'/parent',2,1,1,sysdate(),null,null,1);
Insert into ORG_ELEMENT_MST (ELEMENT_ID,ELEMENT_CODE,ELEMENT_PARENT_CODE,ELEMENT_TYPE,ELEMENT_URL,ELEMENT_ORDER,ACTIVATE_FLAG,CREATED_USER_ID,CREATED_DATE,UPDATED_USER_ID,UPDATED_DATE,EDITABLE) values (6,1006,1002,6,'/parent',3,1,1,sysdate(),null,null,1);
Insert into ORG_ELEMENT_MST (ELEMENT_ID,ELEMENT_CODE,ELEMENT_PARENT_CODE,ELEMENT_TYPE,ELEMENT_URL,ELEMENT_ORDER,ACTIVATE_FLAG,CREATED_USER_ID,CREATED_DATE,UPDATED_USER_ID,UPDATED_DATE,EDITABLE) values (7,1007,1004,7,'/role/allRoles',1,1,1,sysdate(),null,null,1);
Insert into ORG_ELEMENT_MST (ELEMENT_ID,ELEMENT_CODE,ELEMENT_PARENT_CODE,ELEMENT_TYPE,ELEMENT_URL,ELEMENT_ORDER,ACTIVATE_FLAG,CREATED_USER_ID,CREATED_DATE,UPDATED_USER_ID,UPDATED_DATE,EDITABLE) values (8,1008,1004,7,'/user/allUsers',2,1,1,sysdate(),null,null,1);
Insert into ORG_ELEMENT_MST (ELEMENT_ID,ELEMENT_CODE,ELEMENT_PARENT_CODE,ELEMENT_TYPE,ELEMENT_URL,ELEMENT_ORDER,ACTIVATE_FLAG,CREATED_USER_ID,CREATED_DATE,UPDATED_USER_ID,UPDATED_DATE,EDITABLE) values (9,1009,1004,7,'/element/allElements',3,1,1,sysdate(),null,null,0);
Insert into ORG_ELEMENT_MST (ELEMENT_ID,ELEMENT_CODE,ELEMENT_PARENT_CODE,ELEMENT_TYPE,ELEMENT_URL,ELEMENT_ORDER,ACTIVATE_FLAG,CREATED_USER_ID,CREATED_DATE,UPDATED_USER_ID,UPDATED_DATE,EDITABLE) values (10,1010,1005,7,'/userRole/allUserRoles',1,1,1,sysdate(),null,null,1);
Insert into ORG_ELEMENT_MST (ELEMENT_ID,ELEMENT_CODE,ELEMENT_PARENT_CODE,ELEMENT_TYPE,ELEMENT_URL,ELEMENT_ORDER,ACTIVATE_FLAG,CREATED_USER_ID,CREATED_DATE,UPDATED_USER_ID,UPDATED_DATE,EDITABLE) values (11,1011,1005,7,'/roleElement/allRoleElements',2,1,1,sysdate(),null,null,1);
Insert into ORG_ELEMENT_MST (ELEMENT_ID,ELEMENT_CODE,ELEMENT_PARENT_CODE,ELEMENT_TYPE,ELEMENT_URL,ELEMENT_ORDER,ACTIVATE_FLAG,CREATED_USER_ID,CREATED_DATE,UPDATED_USER_ID,UPDATED_DATE,EDITABLE) values (12,1012,1006,7,'/securitySetting',1,1,1,sysdate(),null,null,0);
Insert into ORG_ELEMENT_MST (ELEMENT_ID,ELEMENT_CODE,ELEMENT_PARENT_CODE,ELEMENT_TYPE,ELEMENT_URL,ELEMENT_ORDER,ACTIVATE_FLAG,CREATED_USER_ID,CREATED_DATE,UPDATED_USER_ID,UPDATED_DATE,EDITABLE) values (13,1013,1006,7,'/applicationLogs',2,1,1,sysdate(),null,null,0);
Insert into ORG_ELEMENT_MST (ELEMENT_ID,ELEMENT_CODE,ELEMENT_PARENT_CODE,ELEMENT_TYPE,ELEMENT_URL,ELEMENT_ORDER,ACTIVATE_FLAG,CREATED_USER_ID,CREATED_DATE,UPDATED_USER_ID,UPDATED_DATE,EDITABLE) values (14,1014,1006,7,'/resetPassword',3,1,1,sysdate(),null,null,0);
Insert into ORG_ELEMENT_MST (ELEMENT_ID,ELEMENT_CODE,ELEMENT_PARENT_CODE,ELEMENT_TYPE,ELEMENT_URL,ELEMENT_ORDER,ACTIVATE_FLAG,CREATED_USER_ID,CREATED_DATE,UPDATED_USER_ID,UPDATED_DATE,EDITABLE) values (15,1015,1006,7,'/clearCache',4,1,1,sysdate(),null,null,1);

 

-- ------------------------------------------------------
--  Ref Constraints for Table ORG_ELEMENT_DETAILS_RLT
-- ------------------------------------------------------

  ALTER TABLE ORG_ELEMENT_DETAILS_RLT ADD CONSTRAINT ORG_ELEDTLS_ACT_FK FOREIGN KEY (ACTIVATE_FLAG)
	  REFERENCES CMN_LOOKUP_MST (LOOKUP_CODE) ;
  ALTER TABLE ORG_ELEMENT_DETAILS_RLT ADD CONSTRAINT ORG_ELEDTLS_CRTDBY_FK FOREIGN KEY (CREATED_USER_ID)
	  REFERENCES ORG_USER_MST (USER_ID) ;
  ALTER TABLE ORG_ELEMENT_DETAILS_RLT ADD CONSTRAINT ORG_ELEDTLS_ELECD_FK FOREIGN KEY (ELEMENT_CODE)
	  REFERENCES ORG_ELEMENT_MST (ELEMENT_CODE) ;
  ALTER TABLE ORG_ELEMENT_DETAILS_RLT ADD CONSTRAINT ORG_ELEDTLS_LANGID_FK FOREIGN KEY (LANG_ID)
	  REFERENCES CMN_LANGUAGE_MST (LANG_ID) ;
  ALTER TABLE ORG_ELEMENT_DETAILS_RLT ADD CONSTRAINT ORG_ELEDTLS_UPDTBY_FK FOREIGN KEY (UPDATED_USER_ID)
	  REFERENCES ORG_USER_MST (USER_ID) ;
  ALTER TABLE ORG_ELEMENT_DETAILS_RLT ADD CONSTRAINT ORG_ELEDTLS_NAME_UK UNIQUE (ELEMENT_NAME);
  ALTER TABLE ORG_ELEMENT_DETAILS_RLT ADD CONSTRAINT ORG_ELEDTLS_CODE_UK UNIQUE (ELEMENT_CODE, LANG_ID);


-- ------------------------------------------------------
--  DML for Table ORG_ELEMENT_DETAILS_RLT
-- ------------------------------------------------------

Insert into ORG_ELEMENT_DETAILS_RLT (ELEMENT_DETAIL_ID,ELEMENT_CODE,ELEMENT_NAME,ELEMENT_DESC,ELEMENT_TOOLTIP,LANG_ID,ACTIVATE_FLAG,CREATED_USER_ID,CREATED_DATE,UPDATED_USER_ID,UPDATED_DATE) values (1,1001,'Worklist','Worklist','Worklist',1,1,1,sysdate(),null,null);
Insert into ORG_ELEMENT_DETAILS_RLT (ELEMENT_DETAIL_ID,ELEMENT_CODE,ELEMENT_NAME,ELEMENT_DESC,ELEMENT_TOOLTIP,LANG_ID,ACTIVATE_FLAG,CREATED_USER_ID,CREATED_DATE,UPDATED_USER_ID,UPDATED_DATE) values (2,1001,'वर्कलिस्ट','वर्कलिस्ट','वर्कलिस्ट',2,1,1,sysdate(),null,null);
Insert into ORG_ELEMENT_DETAILS_RLT (ELEMENT_DETAIL_ID,ELEMENT_CODE,ELEMENT_NAME,ELEMENT_DESC,ELEMENT_TOOLTIP,LANG_ID,ACTIVATE_FLAG,CREATED_USER_ID,CREATED_DATE,UPDATED_USER_ID,UPDATED_DATE) values (3,1002,'Admin','Admin','Admin',1,1,1,sysdate(),null,null);
Insert into ORG_ELEMENT_DETAILS_RLT (ELEMENT_DETAIL_ID,ELEMENT_CODE,ELEMENT_NAME,ELEMENT_DESC,ELEMENT_TOOLTIP,LANG_ID,ACTIVATE_FLAG,CREATED_USER_ID,CREATED_DATE,UPDATED_USER_ID,UPDATED_DATE) values (4,1002,'एडमिन','एडमिन','एडमिन',2,1,1,sysdate(),null,null);
Insert into ORG_ELEMENT_DETAILS_RLT (ELEMENT_DETAIL_ID,ELEMENT_CODE,ELEMENT_NAME,ELEMENT_DESC,ELEMENT_TOOLTIP,LANG_ID,ACTIVATE_FLAG,CREATED_USER_ID,CREATED_DATE,UPDATED_USER_ID,UPDATED_DATE) values (5,1003,'Reports','Reports','Reports',1,1,1,sysdate(),null,null);
Insert into ORG_ELEMENT_DETAILS_RLT (ELEMENT_DETAIL_ID,ELEMENT_CODE,ELEMENT_NAME,ELEMENT_DESC,ELEMENT_TOOLTIP,LANG_ID,ACTIVATE_FLAG,CREATED_USER_ID,CREATED_DATE,UPDATED_USER_ID,UPDATED_DATE) values (6,1003,'रिपोर्ट','रिपोर्ट','रिपोर्ट',2,1,1,sysdate(),null,null);
Insert into ORG_ELEMENT_DETAILS_RLT (ELEMENT_DETAIL_ID,ELEMENT_CODE,ELEMENT_NAME,ELEMENT_DESC,ELEMENT_TOOLTIP,LANG_ID,ACTIVATE_FLAG,CREATED_USER_ID,CREATED_DATE,UPDATED_USER_ID,UPDATED_DATE) values (7,1004,'Master Screen','Master Screen','Master Screen',1,1,1,sysdate(),null,null);
Insert into ORG_ELEMENT_DETAILS_RLT (ELEMENT_DETAIL_ID,ELEMENT_CODE,ELEMENT_NAME,ELEMENT_DESC,ELEMENT_TOOLTIP,LANG_ID,ACTIVATE_FLAG,CREATED_USER_ID,CREATED_DATE,UPDATED_USER_ID,UPDATED_DATE) values (8,1004,'मास्टर स्क्रीन','मास्टर स्क्रीन','मास्टर स्क्रीन',2,1,1,sysdate(),null,null);
Insert into ORG_ELEMENT_DETAILS_RLT (ELEMENT_DETAIL_ID,ELEMENT_CODE,ELEMENT_NAME,ELEMENT_DESC,ELEMENT_TOOLTIP,LANG_ID,ACTIVATE_FLAG,CREATED_USER_ID,CREATED_DATE,UPDATED_USER_ID,UPDATED_DATE) values (9,1005,'Mapping Screen','Mapping Screen','Mapping Screen',1,1,1,sysdate(),null,null);
Insert into ORG_ELEMENT_DETAILS_RLT (ELEMENT_DETAIL_ID,ELEMENT_CODE,ELEMENT_NAME,ELEMENT_DESC,ELEMENT_TOOLTIP,LANG_ID,ACTIVATE_FLAG,CREATED_USER_ID,CREATED_DATE,UPDATED_USER_ID,UPDATED_DATE) values (10,1005,'मैपिंग स्क्रीन','मैपिंग स्क्रीन','मैपिंग स्क्रीन',2,1,1,sysdate(),null,null);
Insert into ORG_ELEMENT_DETAILS_RLT (ELEMENT_DETAIL_ID,ELEMENT_CODE,ELEMENT_NAME,ELEMENT_DESC,ELEMENT_TOOLTIP,LANG_ID,ACTIVATE_FLAG,CREATED_USER_ID,CREATED_DATE,UPDATED_USER_ID,UPDATED_DATE) values (11,1006,'Setting','Setting','Setting',1,1,1,sysdate(),null,null);
Insert into ORG_ELEMENT_DETAILS_RLT (ELEMENT_DETAIL_ID,ELEMENT_CODE,ELEMENT_NAME,ELEMENT_DESC,ELEMENT_TOOLTIP,LANG_ID,ACTIVATE_FLAG,CREATED_USER_ID,CREATED_DATE,UPDATED_USER_ID,UPDATED_DATE) values (12,1006,'सैटिंग','सैटिंग','सैटिंग',2,1,1,sysdate(),null,null);
Insert into ORG_ELEMENT_DETAILS_RLT (ELEMENT_DETAIL_ID,ELEMENT_CODE,ELEMENT_NAME,ELEMENT_DESC,ELEMENT_TOOLTIP,LANG_ID,ACTIVATE_FLAG,CREATED_USER_ID,CREATED_DATE,UPDATED_USER_ID,UPDATED_DATE) values (13,1007,'Role Master','Role Master','Role Master',1,1,1,sysdate(),null,null);
Insert into ORG_ELEMENT_DETAILS_RLT (ELEMENT_DETAIL_ID,ELEMENT_CODE,ELEMENT_NAME,ELEMENT_DESC,ELEMENT_TOOLTIP,LANG_ID,ACTIVATE_FLAG,CREATED_USER_ID,CREATED_DATE,UPDATED_USER_ID,UPDATED_DATE) values (14,1007,'रोल मास्टर','रोल मास्टर','रोल मास्टर',2,1,1,sysdate(),null,null);
Insert into ORG_ELEMENT_DETAILS_RLT (ELEMENT_DETAIL_ID,ELEMENT_CODE,ELEMENT_NAME,ELEMENT_DESC,ELEMENT_TOOLTIP,LANG_ID,ACTIVATE_FLAG,CREATED_USER_ID,CREATED_DATE,UPDATED_USER_ID,UPDATED_DATE) values (15,1008,'User Master','User Master','User Master',1,1,1,sysdate(),null,null);
Insert into ORG_ELEMENT_DETAILS_RLT (ELEMENT_DETAIL_ID,ELEMENT_CODE,ELEMENT_NAME,ELEMENT_DESC,ELEMENT_TOOLTIP,LANG_ID,ACTIVATE_FLAG,CREATED_USER_ID,CREATED_DATE,UPDATED_USER_ID,UPDATED_DATE) values (16,1008,'यूसर मास्टर','यूसर मास्टर','यूसर मास्टर',2,1,1,sysdate(),null,null);
Insert into ORG_ELEMENT_DETAILS_RLT (ELEMENT_DETAIL_ID,ELEMENT_CODE,ELEMENT_NAME,ELEMENT_DESC,ELEMENT_TOOLTIP,LANG_ID,ACTIVATE_FLAG,CREATED_USER_ID,CREATED_DATE,UPDATED_USER_ID,UPDATED_DATE) values (17,1009,'Element Master','Element Master','Element Master',1,1,1,sysdate(),null,null);
Insert into ORG_ELEMENT_DETAILS_RLT (ELEMENT_DETAIL_ID,ELEMENT_CODE,ELEMENT_NAME,ELEMENT_DESC,ELEMENT_TOOLTIP,LANG_ID,ACTIVATE_FLAG,CREATED_USER_ID,CREATED_DATE,UPDATED_USER_ID,UPDATED_DATE) values (18,1009,'एलिमेन्ट मास्टर','एलिमेन्ट मास्टर','एलिमेन्ट मास्टर',2,1,1,sysdate(),null,null);
Insert into ORG_ELEMENT_DETAILS_RLT (ELEMENT_DETAIL_ID,ELEMENT_CODE,ELEMENT_NAME,ELEMENT_DESC,ELEMENT_TOOLTIP,LANG_ID,ACTIVATE_FLAG,CREATED_USER_ID,CREATED_DATE,UPDATED_USER_ID,UPDATED_DATE) values (19,1010,'User Role Mapping','User Role Mapping','User Role Mapping',1,1,1,sysdate(),null,null);
Insert into ORG_ELEMENT_DETAILS_RLT (ELEMENT_DETAIL_ID,ELEMENT_CODE,ELEMENT_NAME,ELEMENT_DESC,ELEMENT_TOOLTIP,LANG_ID,ACTIVATE_FLAG,CREATED_USER_ID,CREATED_DATE,UPDATED_USER_ID,UPDATED_DATE) values (20,1010,'यूसर रोल मैपिंग','यूसर रोल मैपिंग','यूसर रोल मैपिंग',2,1,1,sysdate(),null,null);
Insert into ORG_ELEMENT_DETAILS_RLT (ELEMENT_DETAIL_ID,ELEMENT_CODE,ELEMENT_NAME,ELEMENT_DESC,ELEMENT_TOOLTIP,LANG_ID,ACTIVATE_FLAG,CREATED_USER_ID,CREATED_DATE,UPDATED_USER_ID,UPDATED_DATE) values (21,1011,'Role Element Mapping','Role Element Mapping','Role Element Mapping',1,1,1,sysdate(),null,null);
Insert into ORG_ELEMENT_DETAILS_RLT (ELEMENT_DETAIL_ID,ELEMENT_CODE,ELEMENT_NAME,ELEMENT_DESC,ELEMENT_TOOLTIP,LANG_ID,ACTIVATE_FLAG,CREATED_USER_ID,CREATED_DATE,UPDATED_USER_ID,UPDATED_DATE) values (22,1011,'रोल एलिमेन्ट मैपिंग','रोल एलिमेन्ट मैपिंग','रोल एलिमेन्ट मैपिंग',2,1,1,sysdate(),null,null);
Insert into ORG_ELEMENT_DETAILS_RLT (ELEMENT_DETAIL_ID,ELEMENT_CODE,ELEMENT_NAME,ELEMENT_DESC,ELEMENT_TOOLTIP,LANG_ID,ACTIVATE_FLAG,CREATED_USER_ID,CREATED_DATE,UPDATED_USER_ID,UPDATED_DATE) values (23,1012,'Security Setting','Security Setting','Security Setting',1,1,1,sysdate(),null,null);
Insert into ORG_ELEMENT_DETAILS_RLT (ELEMENT_DETAIL_ID,ELEMENT_CODE,ELEMENT_NAME,ELEMENT_DESC,ELEMENT_TOOLTIP,LANG_ID,ACTIVATE_FLAG,CREATED_USER_ID,CREATED_DATE,UPDATED_USER_ID,UPDATED_DATE) values (24,1012,'सुरक्षा सेटिंग','सुरक्षा सेटिंग','सुरक्षा सेटिंग',2,1,1,sysdate(),null,null);
Insert into ORG_ELEMENT_DETAILS_RLT (ELEMENT_DETAIL_ID,ELEMENT_CODE,ELEMENT_NAME,ELEMENT_DESC,ELEMENT_TOOLTIP,LANG_ID,ACTIVATE_FLAG,CREATED_USER_ID,CREATED_DATE,UPDATED_USER_ID,UPDATED_DATE) values (25,1013,'Application Logs','Application Logs','Application Logs',1,1,1,sysdate(),null,null);
Insert into ORG_ELEMENT_DETAILS_RLT (ELEMENT_DETAIL_ID,ELEMENT_CODE,ELEMENT_NAME,ELEMENT_DESC,ELEMENT_TOOLTIP,LANG_ID,ACTIVATE_FLAG,CREATED_USER_ID,CREATED_DATE,UPDATED_USER_ID,UPDATED_DATE) values (26,1013,'एप्लिकेशन लॉग','एप्लिकेशन लॉग','एप्लिकेशन लॉग',2,1,1,sysdate(),null,null);
Insert into ORG_ELEMENT_DETAILS_RLT (ELEMENT_DETAIL_ID,ELEMENT_CODE,ELEMENT_NAME,ELEMENT_DESC,ELEMENT_TOOLTIP,LANG_ID,ACTIVATE_FLAG,CREATED_USER_ID,CREATED_DATE,UPDATED_USER_ID,UPDATED_DATE) values (27,1014,'Reset Password','Reset Password','Reset Password',1,1,1,sysdate(),null,null);
Insert into ORG_ELEMENT_DETAILS_RLT (ELEMENT_DETAIL_ID,ELEMENT_CODE,ELEMENT_NAME,ELEMENT_DESC,ELEMENT_TOOLTIP,LANG_ID,ACTIVATE_FLAG,CREATED_USER_ID,CREATED_DATE,UPDATED_USER_ID,UPDATED_DATE) values (28,1014,'रीसेट पासवर्ड','रीसेट पासवर्ड','रीसेट पासवर्ड',2,1,1,sysdate(),null,null);
Insert into ORG_ELEMENT_DETAILS_RLT (ELEMENT_DETAIL_ID,ELEMENT_CODE,ELEMENT_NAME,ELEMENT_DESC,ELEMENT_TOOLTIP,LANG_ID,ACTIVATE_FLAG,CREATED_USER_ID,CREATED_DATE,UPDATED_USER_ID,UPDATED_DATE) values (29,1015,'Clear cache','Clear cache','Clear cache',1,1,1,sysdate(),null,null);
Insert into ORG_ELEMENT_DETAILS_RLT (ELEMENT_DETAIL_ID,ELEMENT_CODE,ELEMENT_NAME,ELEMENT_DESC,ELEMENT_TOOLTIP,LANG_ID,ACTIVATE_FLAG,CREATED_USER_ID,CREATED_DATE,UPDATED_USER_ID,UPDATED_DATE) values (30,1015,'क्लियर कैश','क्लियर कैश','क्लियर कैश',2,1,1,sysdate(),null,null);


-- ------------------------------------------------------
--  Ref Constraints for Table ORG_ROLE_ELEMENT_RLT
-- ------------------------------------------------------

  ALTER TABLE ORG_ROLE_ELEMENT_RLT ADD CONSTRAINT ORG_ROLELERLT_ACT_FK FOREIGN KEY (ACTIVATE_FLAG)
	  REFERENCES CMN_LOOKUP_MST (LOOKUP_CODE) ;
  ALTER TABLE ORG_ROLE_ELEMENT_RLT ADD CONSTRAINT ORG_ROLELERLT_CRTDBY_FK FOREIGN KEY (CREATED_USER_ID)
	  REFERENCES ORG_USER_MST (USER_ID) ;
  ALTER TABLE ORG_ROLE_ELEMENT_RLT ADD CONSTRAINT ORG_ROLELERLT_ELEMENTCD_FK FOREIGN KEY (ELEMENT_CODE)
	  REFERENCES ORG_ELEMENT_MST (ELEMENT_CODE) ;
  ALTER TABLE ORG_ROLE_ELEMENT_RLT ADD CONSTRAINT ORG_ROLELERLT_ROLECD_FK FOREIGN KEY (ROLE_CODE)
	  REFERENCES ORG_ROLE_MST (ROLE_CODE) ;
  ALTER TABLE ORG_ROLE_ELEMENT_RLT ADD CONSTRAINT ORG_ROLELERLT_UPDTBY_FK FOREIGN KEY (UPDATED_USER_ID)
	  REFERENCES ORG_USER_MST (USER_ID) ;
  ALTER TABLE ORG_ROLE_ELEMENT_RLT ADD CONSTRAINT ORG_ROLELERLT_UK UNIQUE (ROLE_CODE, ELEMENT_CODE);


-- ------------------------------------------------------
--  DML for Table ORG_ROLE_ELEMENT_RLT
-- ------------------------------------------------------

Insert into ORG_ROLE_ELEMENT_RLT (ROLE_ELEMENT_ID,ROLE_CODE,ELEMENT_CODE,CREATED_USER_ID,CREATED_DATE,UPDATED_USER_ID,UPDATED_DATE,ACTIVATE_FLAG) values (1,101,1001,1,sysdate(),null,null,1);
Insert into ORG_ROLE_ELEMENT_RLT (ROLE_ELEMENT_ID,ROLE_CODE,ELEMENT_CODE,CREATED_USER_ID,CREATED_DATE,UPDATED_USER_ID,UPDATED_DATE,ACTIVATE_FLAG) values (2,101,1002,1,sysdate(),null,null,1);
Insert into ORG_ROLE_ELEMENT_RLT (ROLE_ELEMENT_ID,ROLE_CODE,ELEMENT_CODE,CREATED_USER_ID,CREATED_DATE,UPDATED_USER_ID,UPDATED_DATE,ACTIVATE_FLAG) values (3,101,1003,1,sysdate(),null,null,1);
Insert into ORG_ROLE_ELEMENT_RLT (ROLE_ELEMENT_ID,ROLE_CODE,ELEMENT_CODE,CREATED_USER_ID,CREATED_DATE,UPDATED_USER_ID,UPDATED_DATE,ACTIVATE_FLAG) values (4,101,1004,1,sysdate(),null,null,1);
Insert into ORG_ROLE_ELEMENT_RLT (ROLE_ELEMENT_ID,ROLE_CODE,ELEMENT_CODE,CREATED_USER_ID,CREATED_DATE,UPDATED_USER_ID,UPDATED_DATE,ACTIVATE_FLAG) values (5,101,1005,1,sysdate(),null,null,1);
Insert into ORG_ROLE_ELEMENT_RLT (ROLE_ELEMENT_ID,ROLE_CODE,ELEMENT_CODE,CREATED_USER_ID,CREATED_DATE,UPDATED_USER_ID,UPDATED_DATE,ACTIVATE_FLAG) values (6,101,1006,1,sysdate(),null,null,1);
Insert into ORG_ROLE_ELEMENT_RLT (ROLE_ELEMENT_ID,ROLE_CODE,ELEMENT_CODE,CREATED_USER_ID,CREATED_DATE,UPDATED_USER_ID,UPDATED_DATE,ACTIVATE_FLAG) values (7,101,1007,1,sysdate(),null,null,1);
Insert into ORG_ROLE_ELEMENT_RLT (ROLE_ELEMENT_ID,ROLE_CODE,ELEMENT_CODE,CREATED_USER_ID,CREATED_DATE,UPDATED_USER_ID,UPDATED_DATE,ACTIVATE_FLAG) values (8,101,1008,1,sysdate(),null,null,1);
Insert into ORG_ROLE_ELEMENT_RLT (ROLE_ELEMENT_ID,ROLE_CODE,ELEMENT_CODE,CREATED_USER_ID,CREATED_DATE,UPDATED_USER_ID,UPDATED_DATE,ACTIVATE_FLAG) values (9,101,1009,1,sysdate(),null,null,1);
Insert into ORG_ROLE_ELEMENT_RLT (ROLE_ELEMENT_ID,ROLE_CODE,ELEMENT_CODE,CREATED_USER_ID,CREATED_DATE,UPDATED_USER_ID,UPDATED_DATE,ACTIVATE_FLAG) values (10,101,1010,1,sysdate(),null,null,1);
Insert into ORG_ROLE_ELEMENT_RLT (ROLE_ELEMENT_ID,ROLE_CODE,ELEMENT_CODE,CREATED_USER_ID,CREATED_DATE,UPDATED_USER_ID,UPDATED_DATE,ACTIVATE_FLAG) values (11,101,1011,1,sysdate(),null,null,1);
Insert into ORG_ROLE_ELEMENT_RLT (ROLE_ELEMENT_ID,ROLE_CODE,ELEMENT_CODE,CREATED_USER_ID,CREATED_DATE,UPDATED_USER_ID,UPDATED_DATE,ACTIVATE_FLAG) values (12,101,1012,1,sysdate(),null,null,1);
Insert into ORG_ROLE_ELEMENT_RLT (ROLE_ELEMENT_ID,ROLE_CODE,ELEMENT_CODE,CREATED_USER_ID,CREATED_DATE,UPDATED_USER_ID,UPDATED_DATE,ACTIVATE_FLAG) values (13,101,1013,1,sysdate(),null,null,1);
Insert into ORG_ROLE_ELEMENT_RLT (ROLE_ELEMENT_ID,ROLE_CODE,ELEMENT_CODE,CREATED_USER_ID,CREATED_DATE,UPDATED_USER_ID,UPDATED_DATE,ACTIVATE_FLAG) values (14,101,1014,1,sysdate(),null,null,1);
Insert into ORG_ROLE_ELEMENT_RLT (ROLE_ELEMENT_ID,ROLE_CODE,ELEMENT_CODE,CREATED_USER_ID,CREATED_DATE,UPDATED_USER_ID,UPDATED_DATE,ACTIVATE_FLAG) values (15,101,1015,1,sysdate(),null,null,1);
